old_issue_id,new_customer_question_id,issue_name
19022,626,UPDATED,"Одобренный РМРС. Расчет АОТ"
18040,627,UPDATED,"Установка шумоглушителей в пом. кондиционера АС-1"
18055,628,UPDATED,"требуется корректировка размеров в  ч-же"
18479,629,UPDATED,"Датчики температуры"
18480,630,UPDATED,"Слив гудрона"
18482,631,UPDATED,"Охладитель топлива"
19037,632,UPDATED,"1) не установить спасательный круг с линем 2)устройства для хранения"
22983,633,UPDATED,"Окраска анодного экрана"
22930,635,UPDATED,"Расположение люков"
19070,636,UPDATED,"нет возможности установить позиции 101 и 102 в АСДГ и пом. тнсенератора"
18037,637,UPDATED,"Не соответствие ПДСП чертежа с РКД."
11934,638,UPDATED,"-Анулирования новой ревизии чертежа ."
18502,639,UPDATED,"нанесение маркировки на клюза"
15948,640,UPDATED,"-Зашивка амиачной системы ."
17992,641,UPDATED,"Несоответствие узла сварки"
18529,643,UPDATED,"Установка шпилек"
18810,644,UPDATED,"Узел крепления водяных радиаторов и мебели в жилых и технических помещениях по судну"
19124,648,UPDATED,"Сварка трубопроводов п. 082 и п. 083"
19125,649,UPDATED,"Подвеска РИДФ.301525.006 Тип II"
19129,651,UPDATED,"200101-263-4001.1"
18560,652,UPDATED,"Цинкование патрубков"
10208,653,UPDATED,"01701.513.500 Корректировка чертежа для сдачи регистру, в связи с несоответствием его выполненным работам"
22665,655,UPDATED,"Отсутствует информация"
9873,663,UPDATED,"03070-810-001"
19151,665,UPDATED,"Альбом труб"
16296,666,UPDATED,"-Уточнение толщины полос"
18580,667,UPDATED,"Размеры для установки патрубков"
19157,668,UPDATED,"П.0506 П.0507"
17432,669,UPDATED,"Не указана марка материала в чертеже."
18202,670,UPDATED,"Зарядное устройство АКБ"
18203,671,UPDATED,"Нагревательный кабель"
17311,672,UPDATED,"Уточнение материала и размеров"
10160,673,UPDATED,"-Коректировка размешение книц"
9857,674,UPDATED,"03070-882-7001(чертеж не получен, номер взят с з.402)"
10867,675,UPDATED,"Внесения изменений в чертеж согласно выполненной доработке. Пом. РМУ"
22984,676,UPDATED,"Внести изменение в чертеж высоты от палуб."
11967,678,UPDATED,"-Программа ШИ."
19178,679,UPDATED,"требуется выпуск ОР"
18845,680,UPDATED,"Изменить узел крепления изоляции подволока грузового трюма"
19182,681,UPDATED,"Изменение координатах п: 0035, 0036, 0046, 0047."
14055,683,UPDATED,"Монтаж гидроблока в помещении кладовой ЗИП"
12477,684,UPDATED,"Актуальны чертежи ?"
12481,685,UPDATED,"мальгогер другого исполнения"
10032,686,UPDATED,"СЗ  №1078 от 25.06.19_эскиз фунд-та редуктора в РМУ      СЗ     №82_08.07.2022"
14283,687,UPDATED,"Перенос фундамента"
22325,688,UPDATED,"Раскрой деталей."
22326,689,UPDATED,"Раскрой деталей."
19213,690,UPDATED,"Трубопровод п. 375"
14661,691,UPDATED,"-отработка чертежей"
10218,692,UPDATED,"-Ведомость арматуры"
18678,693,UPDATED,"Вертикальные трапы"
11830,694,UPDATED,"- Дороботка чертежа"
18686,695,UPDATED,"Разработка документа"
14510,698,UPDATED,"-Корректировка систем вентиляции и кондиционирования жилых помещениях"
19253,699,UPDATED,"Выреза"
23066,701,UPDATED,"Демонтаж пиллерсов и перенос двери."
8787,702,UPDATED,"Арматура"
16093,704,UPDATED,"-Перенос жалюзей поз. 25"
11519,705,UPDATED,"Корректировка чертежа"
17766,706,UPDATED,"Место установки ШУ Транспортёра краба и стоповой кнопки"
9927,707,UPDATED,"Штормовые крышки иллюминаторов / Emergency blind covers"
9902,708,UPDATED,"-не соответствие с регистровым ч-ж"
17760,710,UPDATED,"Переименование помещений"
17720,711,UPDATED,"Вент. решетку DN160 не установить по координатам DN100."
22010,712,UPDATED,"сточный колодец попадает на трубу."
8717,713,UPDATED,"-"
17708,714,UPDATED,"Обслуживания (замена лампы) топового огня"
8404,716,UPDATED,"-"
8403,717,UPDATED,"-"
15556,721,UPDATED,"Установка обеззараживания воды в пом. хранения краба (трюм)"
19316,722,UPDATED,"Соответсвие РКД и ПДС с ОТТ"
14634,723,UPDATED,"-фундамент под  грузовую стрелу"
15941,724,UPDATED,"Распределительный щит Р45. Установка"
22021,725,UPDATED,"демонтаж переборки"
14333,726,UPDATED,"Монтаж осевых вентиляторов и противопожарных захлопок"
19368,727,UPDATED,"Толщина изоляции"
10284,728,UPDATED,"-Слив со стабилизационного танка."
9966,729,UPDATED,"Замена материала"
23513,733,UPDATED,"Насыщение цистерн 16PS,16C"
22033,736,UPDATED,"NR008-400-001"
9997,737,UPDATED,"Системы газовыхлопов ДГ, ВДГ, АДГ, котла и инсинератора"
14560,738,UPDATED,"Перестановка заказа 2221 на стапеле"
10173,739,UPDATED,"Консервация замкнутых отсеков (Voids to be preserved)."
10027,740,UPDATED,"03095-751-001_rev2_зам2"
16032,741,UPDATED,"Клапан на холодильной установке центрального кондиционера"
18385,742,UPDATED,"арматура мешает эксплуатации трапа по назначению (вид К-К)"
7887,743,UPDATED,"гибочные шаблоны"
18415,744,UPDATED,"Согласовать чертеж с РМРС"
11748,745,UPDATED,"Поставка маховика п.43  8-10 недель"
11947,746,UPDATED,"Чертеж на монтаж тепловентиляторов"
10190,747,UPDATED,"Трассировка труб. НЕТ координат трубопроводов и арматуры."
18433,748,UPDATED,"Скуловые кили"
10091,749,UPDATED,"-Тех. выреза"
10093,750,UPDATED,"-Перенос лебедок"
23481,751,UPDATED,"Подключение душевых трапов"
13758,752,UPDATED,"можно ли брать в работу?"
13761,753,UPDATED,"Превышение толщины листов 1561 s10."
13774,754,UPDATED,"УП-198. Гидравлика промысловых и палубных механизмов"
17146,755,UPDATED,"Замена толщины металла 200101-304-002 (установка приемных решеток кингстонных ящиков)"
14074,757,UPDATED,"-можно ли применять на 404 и 405"
11039,758,UPDATED,"and"
14199,759,UPDATED,"-стеллажи в провизионных кладовых"
14234,760,UPDATED,"Погрузка АДГ"
11951,761,UPDATED,"Дублирование номера чертежей."
14540,763,UPDATED,"некорректная СП."
14537,764,UPDATED,"03070-263-0043"
12489,765,UPDATED,"-Уточнение по чертежу ."
14643,766,UPDATED,"Чертеж общего расположения подруливающего устройства"
14678,767,UPDATED,"-несоответствие ч-жей"
15553,768,UPDATED,"Проработать тех вырез под гидроблок"
15809,769,UPDATED,"Бытовая пресная вода (редактирование чертежа)"
15981,770,UPDATED,"-нет установочных размеров на ПУ."
16029,771,UPDATED,"-гирокомпас"
14601,772,UPDATED,"-настил в водоподготовке"
17352,773,UPDATED,"Сварка рубки сек.613"
17384,774,UPDATED,"Расположение горловин"
23098,775,UPDATED,"Грузовой люк на траловой палубе 43-49шп. ПрБ."
10746,776,UPDATED,"- пары круговых огней на мачте п. 8, 9, 10  ч. 01701.427.500, лучи огней пересекают друг-друга."
12471,777,UPDATED,"-Изменение вентиляции салон-столовой."
10342,778,UPDATED,"-Испытания воздушных и измерительных трубопроводов"
17500,779,UPDATED,"Выпуск чертежа приемных решеток"
16045,780,UPDATED,"-корректировка чертежа"
14043,781,UPDATED,"-актуальность ч-жа"
10055,782,UPDATED,"-ИСУТС"
10940,783,UPDATED,"-Схема кантовки"
14497,784,UPDATED,"-как обойти трубу"
14538,786,UPDATED,"тех.вырез между  пом 215 и 218"
23283,787,UPDATED,"Доработка существующего вент канала"
17711,788,UPDATED,"Установка шлюпки"
16204,789,UPDATED,"Неправильные габариты в крайнем кормовом сечении (-6шп.+200)"
17390,790,UPDATED,"Тип сварки швеллера настила в морозильном трюме"
16186,791,UPDATED,"-корректировка ПДСП"
17748,792,UPDATED,"Размещение грелки в помещении №307"
9860,793,UPDATED,"Доп.вопрос к вопросу №6"
14659,794,UPDATED,"-нет возможности установить протектора"
17829,795,UPDATED,"Размещение оборудования в пом. ГРЩ (137)"
17761,796,UPDATED,"Перенос позиций из пом. 302 в пом. 303."
9870,797,UPDATED,"03070-810-001"
17619,798,UPDATED,"03070-891-001Э4"
17762,799,UPDATED,"Уточнение границ цистерн"
14508,800,UPDATED,"-корректировка чертежа в связи с заменой дверей"
10116,801,UPDATED,"- С-ма сигнализации утечек фреона"
10029,802,UPDATED,"03095.362155.5004СБ_Изм.А"
14519,803,UPDATED,"не установить на заказе"
14284,804,UPDATED,"Перенос приварного насыщения"
14629,805,UPDATED,"Монтаж щита управления ПУ"
17714,806,UPDATED,"Дверь поз.14 при открывании упирается в противопожарную захлопку."
14044,807,UPDATED,"-Откорректировать чертеж по выполненой работе на заказе."
10346,808,UPDATED,"-Замена автомата"
10105,809,UPDATED,"Настил РМУ."
14684,810,UPDATED,"Установка бактерецидных установок опреснителей"
10180,811,UPDATED,"-несоответствие с РКД"
11778,812,UPDATED,"-Покрытие трубопроводов"
11454,813,UPDATED,"Обезличенные чертежи изд.МСЧ"
11946,814,UPDATED,"Монтаж оборудования. Рабочие чертежи"
9965,815,UPDATED,"Согласование чертежа в РС"
14636,816,UPDATED,"Установка баллонов сжатого воздуха в МО"
17718,818,UPDATED,"Чертеж на установку цистерны кормового дейдвудного уплотнения 50л."
16057,819,UPDATED,"-"
8791,820,UPDATED,"Сварка и испытания ТЗК."
8783,821,UPDATED,"-"
11720,822,UPDATED,"Технические выреза"
14041,823,UPDATED,"Изменить РКД"
11731,824,UPDATED,"буксирный канат"
10328,825,UPDATED,"-Фундаменты под оборудование"
8541,826,UPDATED,"Замена размера уголка"
15568,827,UPDATED,"-Переделка фундамента"
10092,828,UPDATED,"-Мачты"
9872,829,UPDATED,"03070-810-001"
12070,830,UPDATED,"применим ли фундамент к зак. 404 и 405"
9898,831,UPDATED,"-Выбирание якорного троса (цепи)."
11884,832,UPDATED,"Уп-169  Схема расположения устройств измерения уровня цистерн."
14031,834,UPDATED,"Актуальность чертежа"
17713,836,UPDATED,"Крепление инсинератора"
14222,837,UPDATED,"в ПДСП и в РКД крышки якорного клюза разного исполнения"
15544,838,UPDATED,"Монтаж СПУ исправить чертеж"
11810,839,UPDATED,"Координаты приварного насыщения"
10062,840,UPDATED,"Вентиляция и кондиционирование от H&H"
10025,841,UPDATED,"КР  № 4520 от 31.01.2019"
11233,842,UPDATED,"Монтаж установки обеззараживания воды УФ излучением УОВ-3.0м-10К"
11831,843,UPDATED,"- Актуален чертеж ?"
13752,844,UPDATED,"-"
14325,845,UPDATED,"-изменение чертежа для сдачи"
14368,846,UPDATED,"- корректирвка"
14042,848,UPDATED,"-Проблема с высотой комингса"
15555,849,UPDATED,"-Координаты установки вент. крышки"
10785,850,UPDATED,"Комплектность оборудования судна"
14587,851,UPDATED,"TEST"
10051,852,UPDATED,"- ИСУТС корректировка мнемосхемы"
14658,853,UPDATED,"- Фундаменты в МО"
16091,854,UPDATED,"- Перенос вент. решеток"
12483,855,UPDATED,"Чертеж последней ревизии"
12474,856,UPDATED,"Установка насоса от фильтра-минирализатора MNF-250 Gefico"
10976,857,UPDATED,"Шп 74-75 ПБ изменение трассировки трубопровода"
10130,858,UPDATED,"-ЯШУ"
9956,859,UPDATED,"Корректировка поз.510 и поз.511"
11725,860,UPDATED,"О замене части болтов крепления подпятника баллера на призонные болты"
11944,861,UPDATED,"Резервная опреснительная установка"
17184,862,UPDATED,"Вопросы к альбому узлов зашивки фанерой. Отсутствие информации по ведомостям."
16067,863,UPDATED,"Исправить чертеж в соответствии с измененным оборудованием"
17582,864,UPDATED,"Установка подкреплений под пиллерс"
10098,865,UPDATED,"согласование узла сборки с РМ РС"
10975,866,UPDATED,"Координаты установки такелажа грузовых стрел."
11022,867,UPDATED,"-"
17715,868,UPDATED,"Установка GSM антенны."
9930,869,UPDATED,"- Расположение оборудования в РР"
10221,870,UPDATED,"Внесение изменений  в 01101-100-016 ведомость аварийного и противопожарного снабжения"
10017,871,UPDATED,"БП лага и эхолота"
11832,872,UPDATED,"-Проработка фундамента под Глушитель искрогаситель ГД и ДГ"
10042,873,UPDATED,"Ширма в пом.505"
10040,874,UPDATED,"Фундамент ПУС Консоль ЛБ"
8644,875,UPDATED,"Верхняя палуба. Установка деревянного настила"
10012,876,UPDATED,"-Вопросы по зав. 411."
9871,877,UPDATED,"03070-810-001"
10030,878,UPDATED,"Секция 315"
9874,879,UPDATED,"03070-880-1002"
10319,880,UPDATED,"- ИСУТС"
10085,881,UPDATED,"-Коректировка чертежа"
14656,882,UPDATED,"- Перепуск охлаждающей воды от ГД в днищевой кингстон ПрБ"
10232,883,UPDATED,"Замена муфт ROXTEC на аналог"
10216,884,UPDATED,"Доизоляционное насыщение"
14242,885,UPDATED,"-корректировка чертежа"
11168,886,UPDATED,"Корректировка чертежа"
14624,887,UPDATED,"Усиления соединения швелеров между собой ."
11450,888,UPDATED,"Корректировка чертежа"
14226,889,UPDATED,"-уточнение толщины деталей"
14640,890,UPDATED,"-труба ТЗК через фундамент СПУ"
14274,892,UPDATED,"вид Д-Д дублируется, нет координат ф-та под репитер гирокомпаса"
11945,893,UPDATED,"Корректировка чертежа"
15545,896,UPDATED,"-обновите"
17568,897,UPDATED,"Информация к чертежу"
10056,898,UPDATED,"- ИСУТС мнемосхема"
10024,899,UPDATED,"- ГД и АПС"
10152,900,UPDATED,"-Расход пресной воды."
10101,901,UPDATED,"- EVAC"
9897,902,UPDATED,"- Нанесение позывного"
9865,903,UPDATED,"Фундамент ГРЩ 440В"
10955,904,UPDATED,"Замена толщины стенок отводов и труб (из наличия у поставщиков)."
15880,905,UPDATED,"Установка ГРЩ"
11181,906,UPDATED,"Выпуск детальных чертежей"
9862,907,UPDATED,"03070-880-1002"
8747,908,UPDATED,"-"
12479,909,UPDATED,"актуален ли данный ч-ж для 404 и 405"
23175,911,UPDATED,"Согласование"
12484,912,UPDATED,"Откорректировать чертеж согласно замечаниям РС и согласовать в РС."
10258,913,UPDATED,"Видеонаблюдение"
14494,914,UPDATED,"- План балластировки"
9848,915,UPDATED,"Толщина стенки труб соединительных втулок."
15511,916,UPDATED,"монтаж теплого ящика"
11942,917,UPDATED,"Вентиляция в пом. сушилки"
17310,918,UPDATED,"Недопонимание по маркировки крышек горловин."
10115,919,UPDATED,"-корректировка чертежа"
11811,920,UPDATED,"-Узел крепления трубопроводов."
14638,921,UPDATED,"Установка гидравлического расходного бака в помещении АДГ"
15510,922,UPDATED,"Монтаж оборудования в помещении АДГ"
10072,923,UPDATED,"Оборудование в пом. цистерн краба, трюм."
10008,924,UPDATED,"Использование клюзов из наличия."
10942,925,UPDATED,"-Схема кантовки"
17598,926,UPDATED,"Маркировка горловин"
9868,927,UPDATED,"Расположение основного электрооборудования"
11453,928,UPDATED,"Аварийное осушение МО"
10200,929,UPDATED,"Разработка схемы окраски финишного настила грузового трюма 414"
15561,930,UPDATED,"Расположение оборудования в помещении АДГ"
11194,932,UPDATED,"Приварное насыщение цистерн"
11800,933,UPDATED,"Система охлаждения забортной водой"
9863,935,UPDATED,"03070-100-0004"
10261,936,UPDATED,"-Замена вент. головок на вент. решетки с крышками на рулевой рубке."
11591,937,UPDATED,"Не соответствия чертежа с рабочем."
10309,938,UPDATED,"Разработать чертеж под ( сборку и  монтаж ) расширительной цистерны ГД V=700л."
10277,939,UPDATED,"Трубопровод выдачи, замена диаметра трубопровода."
10293,940,UPDATED,"Чертежи МСЧ (""обезличка"")"
9859,941,UPDATED,"0370-880-1001"
15452,942,UPDATED,"-оборудование в помещениях"
14507,943,UPDATED,"-Узел сварки фундаментов осевых вентиляторов."
9875,944,UPDATED,"пом.318(АДГ)"
10230,945,UPDATED,"Проверка и согласование в РС"
10150,946,UPDATED,"-Система гидравлики."
14216,948,UPDATED,"Маркировка кабеля"
12482,949,UPDATED,"-Актуален данный чертеж"
11149,950,UPDATED,"Демонтаж баллера пера руля"
17626,951,UPDATED,"Расстояние между глушителем ВДГ и шахтой ВДГ в помещении шахта МО."
10162,952,UPDATED,"корректировка чертежа для сдачи работ"
9948,953,UPDATED,"-толщина зашивки ВГН дверей"
14498,954,UPDATED,"Исключение клапана AMOT из системы охлаждения аммиачной установки"
11766,955,UPDATED,"При монтаже фундамента столкнулись с проблемой ."
11210,958,UPDATED,"Обезличенные чертежи (изд.МСЧ)."
10104,960,UPDATED,"Трансформатор ТСЗМ-160 в Электрощитовая 2(п.416)"
14255,961,UPDATED,"Документы на заделку"
9864,962,UPDATED,"03070-880-1002"
10031,963,UPDATED,"КР № 5395 от 21.07.2021"
12213,964,UPDATED,"Подкрепления фундамента под трансформатор"
9866,966,UPDATED,"03070-880-1002"
11179,967,UPDATED,"кантовка"
16053,969,UPDATED,"Фундамент под баллоны аммиака 40- 150У на траловой палубе в р-не ЗЗ...35шп, ПрБ_411-413"
11191,970,UPDATED,""
11526,971,UPDATED,"-КР вентиляция"
15925,972,UPDATED,"-Приварное насыщение цистерн под испытания на непроницаемость."
9964,973,UPDATED,"Зашивка/изоляция успокоительной цистерны."
14461,974,UPDATED,"- Трап аварийного выхода с рыбофабрики"
11086,975,UPDATED,"-Монтаж ГРЩ 220В"
12063,976,UPDATED,"-Узел прохода."
10181,977,UPDATED,"Корректировка чертежа для сдачи регистру, в связи с несоответствием его выполненным работам"
10315,978,UPDATED,"-корректировка чертежа"
9893,979,UPDATED,"- ИСУТС"
17710,980,UPDATED,"Расположение люковых закрытий цитерн для краба"
9861,981,UPDATED,"03070-880-1001"
10143,982,UPDATED,"-Гидравлика"
9978,983,UPDATED,"-Фундамент под ГРЩ."
17604,984,UPDATED,"Узлы зашивки"
23729,985,UPDATED,"Раскрой и т.д."
9855,986,UPDATED,"03070-880-1002"
11560,987,UPDATED,"-камбузное оборудование"
14504,988,UPDATED,"- Монтаж ВДГ."
10114,989,UPDATED,"-применить по аналогии с 415"
10041,990,UPDATED,"Фундамент ЩДОП"
9869,991,UPDATED,"03070-810-001"
15453,992,UPDATED,"-загрузить чертеж"
10028,993,UPDATED,"03095-751-001_rev2_зам2"
9856,994,UPDATED,"03070-880-1001"
17673,995,UPDATED,"Схема металлизации и ведомость грунтовки и окраски 411 заказ."
11025,996,UPDATED,"Доработка корпуса в месте стыковки защиты винта с корпусом судна"
10312,998,UPDATED,"-корректировка чертежа"
13791,999,UPDATED,"годен для 405-го"
11691,1000,UPDATED,"Система топливная. АДГ"
10191,1001,UPDATED,"-Исправить РКД согласно ПДСП"
14341,1002,UPDATED,"Внесения изменений в чертеж установки крана ."
10941,1003,UPDATED,"-Схема кантовки."
10020,1004,UPDATED,"Фундамент ПУС консоль ЛБ"
10084,1005,UPDATED,"-Коректировка чертежа"
14233,1006,UPDATED,"Монтаж АДГ"
10756,1007,UPDATED,"-Шпигатная труба п.20"
12490,1008,UPDATED,"-Приварное насыщение цистерн 411"
14620,1009,UPDATED,"-актуальность ч-жа"
16063,1010,UPDATED,"на 28 шп трубы нет"
11965,1011,UPDATED,"КР на заделку ."
10177,1012,UPDATED,"Сервосистема лебедок"
17712,1013,UPDATED,"Отсутствие подогревателя (антиобледенителя) в антенном редукторе"
10259,1014,UPDATED,"Проход кабеля лаг и эхолот"
11494,1015,UPDATED,"-откорректировать чертеж"
14559,1016,UPDATED,"-монтаж АРЩ, ГРЩ"
14625,1017,UPDATED,"-площадка налетает на ВДГ"
10214,1018,UPDATED,"-Контроль аварийного сброса аммиака."
14089,1019,UPDATED,"Класс трубопроводов в Ведомости заказа (Серт.РС на арматуру)."
11877,1020,UPDATED,"отредактировать схему аммиачной системы"
14539,1021,UPDATED,"NR_03070-263-0039"
11788,1022,UPDATED,"Прошу предоставить чертежи на данные позиции в производство."
9804,1023,UPDATED,"-"
14571,1024,UPDATED,"Монтаж сепаратароа дизельного топлива"
11218,1025,UPDATED,"Испытания воздушных и воздушно-переливных трубопроводов"
15498,1026,UPDATED,"редактировать чертеж"
14223,1027,UPDATED,"Монтаж ВДГ"
12470,1028,UPDATED,"-пересечение фундаментов"
10026,1029,UPDATED,"03095-751-001_rev2_зам2"
11559,1030,UPDATED,"-Ведомость окраски"
9858,1032,UPDATED,"03070-880-1004"
10011,1033,UPDATED,"-Отсутствие кабеля между пускателем резервного насоса низкого/высокого давления редуктора и щитов ДАУ (PCU)"
9867,1034,UPDATED,"03070-810-001"
15892,1035,UPDATED,"Перенос фундамента поз.75"
11562,1036,UPDATED,"Управление БЗК топливных цистерн"
11137,1037,UPDATED,"-Прошу внести изменения в чертеже"
11759,1038,UPDATED,"-Заделки под С/У"
22081,1039,UPDATED,"Детали и крепёж заземления судового электрооборудования"
12068,1040,UPDATED,"на это месте уже стоит ф-т"
15868,1041,UPDATED,"Расположение тепловентиляторов системы отопления"
11588,1042,UPDATED,"-Откорректировать чертеж, согласно выделенным исправлениям"
15481,1043,UPDATED,"Бактерицидная установка"
14677,1044,UPDATED,"-создать чертеж"
10233,1045,UPDATED,"- С-ма утечек фреона"
11515,1046,UPDATED,"-Переделка мачт."
11676,1047,UPDATED,"УП167 - Одобренный ПДСП"
10223,1048,UPDATED,"-Якорное устройство."
10052,1049,UPDATED,"-ИСУТС алармы"
10145,1050,UPDATED,"Фундаменты под ГРЩ в ЦПУ 411 (""на островке"")"
14038,1052,UPDATED,"можно ли использовать данный чертеж для 404 и 405"
10738,1053,UPDATED,"корректировка чертежа"
11950,1054,UPDATED,"Количество смолы и отвердителя"
10747,1055,UPDATED,"-Замена переборочного соединения"
17716,1056,UPDATED,"Расположения добавленной поз.1.4 GPS антенны GPA-017S."
11706,1057,UPDATED,"Отверстия под призонные болты в корпусной балке"
10280,1058,UPDATED,"-Изменение врезки в пожарную магистраль."
10282,1059,UPDATED,"-Панель управления локального пожаротушения"
23194,1060,UPDATED,"исправить узел крепления насоса"
14476,1065,UPDATED,"Внесения изменения в чертеж (внутренние вертикальные трапы ) зам. РС"
16050,1066,UPDATED,"-корректировка чертежа"
23051,1067,UPDATED,"Изоляция ниш ДБА в пом.1101 и пом.1202"
22095,1068,UPDATED,"Добавить узлы сварки."
19589,1070,UPDATED,"305-001 Установка днищевых вопрос"
18387,1071,UPDATED,"Ревизионный люк под захлопкой вентилятора ВДГ."
19594,1073,UPDATED,"Установка электрообогревателя в помещении №306"
19600,1075,UPDATED,"Прием пресной воды с берега"
19632,1076,UPDATED,"Согласование замен"
20364,1078,UPDATED,"804-001 п. 016"
23527,1079,UPDATED,"узел буфера на двери"
18517,1080,UPDATED,"Расчеты нагрузки в помещении рыбофабрики при подрезке тавра по замечанию заказчика."
18400,1081,UPDATED,"Фундамент гидр. насоса в пом. кормовой гидравлики"
19881,1082,UPDATED,"в ч-же 03070-304-200 (рев. а3)  вопрос к ТТ поз. 4"
20067,1083,UPDATED,"821-001 Забойные участки трубопроводов"
18873,1085,UPDATED,"Подкрепление цистерны сбора шлама в МО"
22775,1088,UPDATED,"Добавить в чертеж узел крепления и заземления"
22774,1089,UPDATED,"Добавить в чертеж узлы крепления и заземления трансформаторов"
19353,1093,UPDATED,"Трубопроводы п. 121-139"
19633,1094,UPDATED,"813-001 Размер втулки!"
18548,1095,UPDATED,"Фундамент насоса управления носовой гидравлики."
19152,1096,UPDATED,"Подкладные планки для зашивки цистерн"
20928,1097,UPDATED,"803-001 п: 087 - 088"
17663,1098,UPDATED,"Замечание заказчика."
21291,1099,UPDATED,"Доработка BS08 rev.B"
19782,1100,UPDATED,"701-001 Насыщение шп 86"
19773,1102,UPDATED,"721-001 АТ (Изготовление трубопроводов)"
20499,1103,UPDATED,"Замечания к ч. 200101-228-571.4"
19683,1104,UPDATED,"Аннулировать скоб трапы и вертикальные в МО"
19686,1105,UPDATED,"821-001 Насыщение шп 24 и шп 28"
19741,1106,UPDATED,"805-001 Координаты насыщения"
19854,1107,UPDATED,"Комингс на горловины 034.042, 034.043"
18488,1108,UPDATED,"Трассировка трубопроводов"
19143,1109,UPDATED,"200101-821-001СБ СИСТЕМА ВОЗДУШНЫХ И ПЕРЕЛИВНЫХ ТРУБ_rev3"
19685,1110,UPDATED,"821-001 РЕВИЗИЯ 6 , ОШИБКИ ВСЕ ТЕ ЖЕ"
19953,1111,UPDATED,"721-003 Высоты трубопровода п. 010-011"
19754,1112,UPDATED,"200101-577-001 (Система отопления. Трубопровод ниже палубы 1 в р-не корма-32 шп)"
20410,1113,UPDATED,"702-001 Насыщение п.1354"
19703,1114,UPDATED,"сливная пробка"
19708,1115,UPDATED,"Вытяжка над автоклавами в консервном цехе."
19702,1116,UPDATED,"Установка сливных пробок в поддон"
19727,1117,UPDATED,"ФУНДАМЕНТ ОХЛАДИТЕЛЯ МАСЛА ГДГ 721.018
200101-263-721.18"
19711,1118,UPDATED,"Траловые блоки"
19707,1119,UPDATED,"Применения солнцезащитных шторок"
19732,1120,UPDATED,"СИСТЕМА СМАЗОЧНОГО МАСЛА. ТРУБОПРОВОД ГДГ И ВДГ 200101-710-004"
18518,1121,UPDATED,"Ремарка №398"
19841,1122,UPDATED,"813-001 АТ п 133"
19842,1123,UPDATED,"577-001 Свободные фланцы"
19714,1124,UPDATED,"Фундаменты в пом. МО № 0221"
19726,1125,UPDATED,"841-001  корректировка"
18826,1127,UPDATED,"Доработка крепежа фланцев ДБА"
19767,1128,UPDATED,"813-001 Длины трубопроводов"
19766,1129,UPDATED,"813-001 Длины отростков на трубопроводах"
19772,1130,UPDATED,"821-001  Насыщение"
19783,1132,UPDATED,"821-001 Трубопроводы и оборудование"
19786,1133,UPDATED,"столы поз. 7 и поз. 9 не соответствуют ""эскизам на изготовление столов..."" файл прикреплён ниже"
19241,1134,UPDATED,"вопрос по фундаменту 03070-263-0086, так как в перечне его нет (вписал что-то близкое)"
19730,1138,UPDATED,"ФУНДАМЕНТ ОХЛАДИТЕЛЯ МАСЛА ГДГ 721.014 200101-263-721.14"
17721,1139,UPDATED,"Корректировка чертежа 03070-743-051 А3"
19118,1140,UPDATED,"поз.9 заказанная по спецификации не обеспечивает обжатие кранца"
22717,1141,UPDATED,"Ледостойкая краска подводной части судна"
15538,1142,UPDATED,"-разработать чертеж"
18862,1143,UPDATED,"Стаканы системы гидравлики."
18908,1144,UPDATED,"Мероприятия по накренению заказа для врезки шпигатов."
19845,1145,UPDATED,"Перенос тепловентилятора"
19791,1146,UPDATED,"Конструкция МО Аннулированая цистерна"
20367,1149,UPDATED,"710-001 Суфлер"
19849,1150,UPDATED,"Патрубки ДБА"
19851,1151,UPDATED,"581-001 #20 Насыщение"
20346,1152,UPDATED,"Замечания к чертежу"
22962,1156,UPDATED,"Установка рыбопоискового оборудования"
22141,1157,UPDATED,"Согласование толщины полиамидной прокладки для терморазрыва."
19853,1158,UPDATED,"721-001 Трубопроводы к охладителям"
19855,1161,UPDATED,"Вид и протяжённость сварочного шва."
19940,1162,UPDATED,"Уточнить количество материала по спецификации 200101-511-108."
19860,1163,UPDATED,"Изменение конструкции верт. трапа пом. 0116"
19870,1164,UPDATED,"Установка опреснительной установки"
19869,1165,UPDATED,"Установка ручных лебедок кран-балки"
19902,1166,UPDATED,"582-001 п 42-46"
19889,1168,UPDATED,"Арматура на таранной переборке снабжена дистанционным приводом, выведена на траловую палубу."
23193,1169,UPDATED,"исправить узел крепления"
22940,1171,UPDATED,"Монтаж центрального кондиционера"
19927,1172,UPDATED,"Изменение поз. 103/5"
22941,1173,UPDATED,"Монтаж рециркуляра рулевой рубки"
19910,1174,UPDATED,"200101-701-001 (Система отопления. Трубопровод приема и перекачки)"
20234,1175,UPDATED,"Сеппараторы"
19949,1176,UPDATED,"Согласование замены ТМЦ"
20050,1177,UPDATED,"Невозможно установить контейнер в МО"
17709,1178,UPDATED,"Необходимость корректировки схемы ПДСП."
19947,1179,UPDATED,"582-001 Высота трубопроводов"
19948,1180,UPDATED,"710-002 Трассировка трубопровода п.9-10"
23763,1181,UPDATED,"Корректировка РКД СП к чертежу 200101-412-020"
19969,1182,UPDATED,"Установка щита P43"
19216,1183,UPDATED,"п. 1181 п.002"
19961,1184,UPDATED,"Замена аварийного вентилятора из трюма."
19952,1186,UPDATED,"Изменение размеров"
19954,1187,UPDATED,"Замена длинны ремня . поз. 23"
20311,1188,UPDATED,"Замечания к ч. 200101-702-001"
19968,1189,UPDATED,"701-001 Насыщение шп. 32"
20354,1190,UPDATED,"Замечания к ч. 200101-582-009"
19972,1191,UPDATED,"722-001 ТТ"
19978,1192,UPDATED,"821-003 п. 001 и п. 003"
20007,1193,UPDATED,"Приток в пом. ХМ кондиционера"
20006,1194,UPDATED,"Расположение сварочного аппарата в мех мастерской"
20002,1195,UPDATED,"582-001  п.042"
22168,1196,UPDATED,"добавление трапа в секцию 215"
20014,1197,UPDATED,"Навесное оборудование редуктора 404-405."
20008,1199,UPDATED,"Монтаж ГД"
22209,1200,UPDATED,"Отсутствие продолжения поручней наклоных трапов"
20023,1201,UPDATED,"Согласование замен"
20358,1202,UPDATED,"721-001 Подключение к механизмам"
22207,1203,UPDATED,"О замечаниях, выявленных в ходе предъявления монтажа наклонных трапов"
20019,1205,UPDATED,"Встроенный фильтр на охладитель ГД №1 и №2"
20030,1206,UPDATED,"582-001 Толщина стенки трубы!"
20018,1207,UPDATED,"Анулировать паддон с БЗК клапанов."
20058,1209,UPDATED,"Согласование замен"
20059,1210,UPDATED,"721-001  Укахать приварыш"
20017,1211,UPDATED,"Привести в соответсвие расположение арматуры с ПДСП схемой."
22477,1212,UPDATED,"Корректировка чертежа"
17717,1214,UPDATED,"Актуальность чертежа 03070-743-0007МЧ"
17719,1215,UPDATED,"Охлаждение гидростанции ВРШ"
15554,1216,UPDATED,"-Актуальные чертежи на систему вентиляции 404 зак."
17754,1217,UPDATED,"Расположение светильника в пом. 213 над рабочей зоной"
20929,1218,UPDATED,"710-004 п.001 - бесконечность..."
17765,1219,UPDATED,"Места установки датчиков уровней воды в помещениях"
20930,1220,UPDATED,"581-001 Насыщение"
20105,1221,UPDATED,"701-001 В ревизии новый трубопровод без обозначний"
17770,1222,UPDATED,"Определение технических характеристик гибких соединений"
17786,1223,UPDATED,"Освещение пом. №416"
20112,1224,UPDATED,"412-020 Насыщение"
17771,1225,UPDATED,"Датчики закрытия дверей"
17807,1226,UPDATED,"Монтаж шпигатов кормовых ворот."
17836,1227,UPDATED,"Востановление работоспособности тягипривода жвакогалса-узла крепления концевого участка якорной цепи пр.б. к корпусу судна."
20131,1228,UPDATED,"841-001 п.25"
20130,1229,UPDATED,"734-002 Математическая точность"
21069,1230,UPDATED,"701-001 п.114-115"
20134,1231,UPDATED,"412-020 Как начертили , так и получилось"
20883,1232,UPDATED,"Замечания к ч. 200101-263-701.24"
17853,1233,UPDATED,"Вырез под кабельную трассу в МО"
17854,1234,UPDATED,"Подключение гидравлики напорного трубопровода подруливающего устройства"
17855,1235,UPDATED,"Оформление УШ №25"
17940,1236,UPDATED,"Смазка редуктора"
17863,1237,UPDATED,"Баластировка судна при испытаний грузовых стрел."
18185,1238,UPDATED,"Предварительная ведомость трубопроводов на проект 200101"
22803,1239,UPDATED,"Добавление узла крепления вьюшек поз. 435.043, 435.042, 435.041, 435.037."
18174,1241,UPDATED,"Система гидравлики рулевого устройства."
20312,1242,UPDATED,"702-001 Нет трубы п.105"
18399,1243,UPDATED,"Фундамент под н-с перекачки масла в реф. отделении."
17939,1244,UPDATED,"Система газовыпуска"
18414,1245,UPDATED,"Решетчатый настил в районе -6...9 шп. ЛБ"
18062,1246,UPDATED,"Точки подключения к дейдвудному уплотнению"
17690,1248,UPDATED,"Подключение носовой гидростанции"
17706,1249,UPDATED,"Нет возможности выдержать указанную в чертеже высоту 2100мм"
17707,1250,UPDATED,"Места вывода кабеля"
20244,1251,UPDATED,"701-001 Насыщение п.0225"
18147,1252,UPDATED,"03070-453-0003 установка тали МО"
20265,1254,UPDATED,"702-001 п 058"
21442,1255,UPDATED,"743-001 Фланец-заглушка"
20292,1256,UPDATED,"Проверка документа NR002-804-001"
20293,1257,UPDATED,"Замечания"
20294,1258,UPDATED,"Замечание"
20295,1259,UPDATED,"805-001 Насыщение п. 1121 , 1141"
20306,1260,UPDATED,"805-001 Отсутвует насыщение"
18478,1261,UPDATED,"Система охлаждения пресной водой"
19176,1262,UPDATED,"Расположение лючков для доступа к оборудованию, кабель-трассам, вентканалам, соеденениям систем."
20290,1263,UPDATED,"Проверка документа"
17631,1264,UPDATED,"Расположение камер видеонаблюдения"
17675,1265,UPDATED,"03070-891-001Э4"
17692,1266,UPDATED,"Дренажные клапана"
17729,1267,UPDATED,"Согласовать вырез для прокладки кабеля"
17731,1268,UPDATED,"Фундамент"
18859,1269,UPDATED,"Разработка чертежа"
17723,1270,UPDATED,"Несоответствие РКД и ПДСП"
19169,1271,UPDATED,"Осушение балластных цистерн пресной воды №1А, №33."
19252,1272,UPDATED,"Корректировка чертежа в части арматуры по системе вентиляции."
19802,1273,UPDATED,"Внести изменение в чертеж по трап-сходни согласно выполненным работам ."
19123,1274,UPDATED,"Диаметр трубопроводов п. 095 и п. 088"
19335,1275,UPDATED,"Путаем борта!"
21305,1276,UPDATED,"Замена материала"
19926,1277,UPDATED,"Изменение размеров"
20015,1279,UPDATED,"Некоректная работа грузовых стрел"
22971,1281,UPDATED,"Монтаж приборов рыбопоискового оборудования"
20052,1282,UPDATED,"405 Установка валогенератора"
20104,1283,UPDATED,"582-001 Покрытие, перфорация"
20133,1284,UPDATED,"710-002  Возможное пересечение с ГДГ"
20365,1285,UPDATED,"Замечания к ч. 200101-263-404.2.8"
20387,1286,UPDATED,"Замечания к ч.200101-263-831.9"
20331,1287,UPDATED,"Оформление"
20339,1288,UPDATED,"Замечания"
20335,1289,UPDATED,"Замечания"
20334,1290,UPDATED,"Замечания"
20337,1291,UPDATED,"702-001 Насыщение"
20343,1292,UPDATED,"Замечания"
20344,1293,UPDATED,"Замечания к ч. 200101-803-007"
22877,1295,UPDATED,"Изменение узла В (Крепление ребра к полособульбе )."
20363,1296,UPDATED,"Замечания к ч. 200101-577-003"
20340,1297,UPDATED,"Проверка документа"
20167,1298,UPDATED,"Узел крепления ГДГ к фундаменту"
20398,1299,UPDATED,"Замечания к ч. 200101-263-404"
20397,1300,UPDATED,"Замечания к чертежу 200101-263-406"
20399,1301,UPDATED,"Замечания к ч. 200101-263-405"
20442,1302,UPDATED,"721-001 Электроизолируещее соединение"
20403,1303,UPDATED,"Замечания к ч. 200101-312-002"
20411,1304,UPDATED,"701-001 п.202"
20274,1305,UPDATED,"Проверка документа"
20342,1306,UPDATED,"Замечания к BS07"
22241,1309,UPDATED,"не установить поясок."
20436,1311,UPDATED,"Замечания к ч.200101-2222-611_rev.C"
20505,1314,UPDATED,"701-001 п.159"
20498,1315,UPDATED,"Замечания к ч. NR002-400-002"
20984,1316,UPDATED,"710-001 п. 008"
20896,1318,UPDATED,"Замечания к ч.200101-228-571.2"
20952,1320,UPDATED,"Вопрос по ч. 200101-263-577.4 (монтаж электрического подогревателя котла)"
22675,1321,UPDATED,"Уточнение документа"
22332,1322,UPDATED,"Вид 22шп. полособульб не примыкает к фундаменту грузового крана"
21158,1323,UPDATED,"Замечания к ч.200101-228-574.3"
22295,1324,UPDATED,"Несогласованность документации"
22163,1325,UPDATED,"Окраска внутренней поверхности фундаментов кранов  ч.200101-263-331.1 revB"
21015,1326,UPDATED,"Согласование"
22203,1327,UPDATED,"Устранение замечания по вентиляционным каналам"
21011,1328,UPDATED,"821-001 Подключение к сепараторам"
21016,1329,UPDATED,"813-001 Насыщение"
22229,1330,UPDATED,"Замена труб с ГОСТа 8732-78 на ГОСТ 3262"
22581,1331,UPDATED,"Опора крана ."
21040,1333,UPDATED,"Замечания к ч. 200101-263-571.4"
21052,1334,UPDATED,"Замечания к ч. 200101-263-710.22"
21051,1336,UPDATED,"Замечания к ч. 200101-263-701.2"
21270,1338,UPDATED,"Согласование чертежа 200101-705-001"
21267,1339,UPDATED,"Согласование чертежа"
21562,1340,UPDATED,"Изменение узла крепления вертикального трапа"
22738,1346,UPDATED,"Доступ к ручным органам управления носовых грузовых кранов и доступ к раскреплению грузовых гаков по походному."
21266,1348,UPDATED,"Согласование чертежа 200101-582-005"
22277,1349,UPDATED,"Установка дополнительного поручня наклонных трапов"
21247,1350,UPDATED,"701-001 п.189"
21041,1351,UPDATED,"Замечания к ч. 200101-263-571.9"
21268,1352,UPDATED,"Согласование чертежа 200101-734-003"
21290,1355,UPDATED,"Замечания черт. 200101-581-002"
21297,1359,UPDATED,"Согласование ч.200101-263-574.17"
21298,1360,UPDATED,"813-001 п.0245"
21112,1361,UPDATED,"821-001, 582-001 Установка обработки сточных вод"
21335,1364,UPDATED,"Замечания черт. 200101-821-001"
21292,1365,UPDATED,"Согласование ч.200101-263-410"
21312,1366,UPDATED,"Согласование ч.200101-228-574.10"
21295,1367,UPDATED,"Замечания черт.200101-743-001"
21563,1368,UPDATED,"Добавление размеров в чертеж 200101-525-009"
21622,1369,UPDATED,"Фундамент электрического подогревателя системы отопления."
21316,1370,UPDATED,"Замечания черт.200101-701-001"
22961,1374,UPDATED,"Поручни, трапы для доступа к крышкам ВГН системы вентиляции"
21723,1375,UPDATED,"Монтаж вытяжного вентилятора BE-05"
21756,1377,UPDATED,"Внесение корректировки"
23012,1378,UPDATED,"Проработка замены швартовной гайки"
22661,1380,UPDATED,"Несогласованность документа"
22673,1381,UPDATED,"Уточнение документа"
21802,1383,UPDATED,"Замечания Заказчика"
21279,1384,UPDATED,"Согласование ч.200101-263-871.1"
21225,1385,UPDATED,"Замечания к ч.200101-263-409"
21200,1386,UPDATED,"Согласование чертежа 200101-263-400.10 рев.А"
21294,1387,UPDATED,"Согласование ч.200101-263-574.21"
22733,1388,UPDATED,"Фиксация по походному свободных концов гидравлических цилиндров телескопической стрелы грузовых кранов."
21859,1390,UPDATED,"Монтаж ВДГ"
9879,1391,UPDATED,"-корректировка чертежа"
16044,1392,UPDATED,"-корректировка чертежа"
10234,1394,UPDATED,"-Замечания заказчика"
14570,1395,UPDATED,"-выпустить КР (ОР) на настил"
14481,1396,UPDATED,"-корректировка чертежа"
14326,1397,UPDATED,"-изменение чертежа для сдачи"
11165,1398,UPDATED,"-инспекционные лючки и дверцы"
15576,1399,UPDATED,"-замена крепежного изделия"
14484,1400,UPDATED,"корректировка зашивки в каюте капитана"
21865,1401,UPDATED,"удалитель воздуха Danfoss"
21265,1402,UPDATED,"Согласование чертежа 200101-581-009"
21796,1403,UPDATED,"Замечание РС"
23007,1404,UPDATED,"Металлизация помещения 1204"
21053,1405,UPDATED,"Замечания к ч. 200101-263-721.28"
21049,1406,UPDATED,"Замечания к ч. 200101-263-648.1.1"
21884,1407,UPDATED,"несоответствие кол-ва материалла"
20904,1410,UPDATED,"721-001 Компенсаторы !!!"
20484,1411,UPDATED,"821-001 п. 156 п. 164"
21904,1414,UPDATED,"Управление клапаном поз.126"
21426,1415,UPDATED,"Корректировка чертежа 200101-872-005"
21695,1416,UPDATED,"Применение фасонных частей для изготовления трубопроводов"
21919,1417,UPDATED,"Схема контроля сварных швов"
21269,1420,UPDATED,"Согласование чертежа 200101-821-002"
23068,1422,UPDATED,"Границы цистерны попадают на  марки осадки. Цистерна № 21 в районе 10шп."
23431,1423,UPDATED,"Монтаж инсинератора"
23108,1425,UPDATED,"Трубопровод системы аммиака, выходящий из экономайзера Erkasis 360l (поз 9.01) будет упираться в кабельтрассу на кормовой переборке. Помещении холодильных машин. В связи с чем, прошу рассмотреть возможность выхода из сложившиеся ситуации."
23150,1426,UPDATED,"Разработка и внедрение межпереборочной соединительной муфты для патрубков ВГН системы вентиляции."
23559,1427,UPDATED,"Замена арматуры."
23009,1428,UPDATED,"Дополнение к ведомости окраски и грунтовки корпуса 200101-101-107"
22769,1429,UPDATED,"240402-263-2036"
23196,1430,UPDATED,"Забойная труба на насос"
23302,1435,UPDATED,"Исправить узел крепления в спецификации"
23200,1436,UPDATED,"Заземление трансформаторов в помещении ВРК"
23174,1439,UPDATED,"Согласование"
23198,1444,UPDATED,"Поддон для отбора проб с системы приема и перекачки топлива"
23343,1449,UPDATED,"Монтаж баллонов пускового воздуха. Поз731.004, 731.003 в МО"
23349,1450,UPDATED,"Монтаж компрессоров пускового воздуха"
23393,1451,UPDATED,"Исправить расположение трансформаторов в ПДСП NR002-870-001"
23478,1452,UPDATED,"Приварное насыщение"
23285,1453,UPDATED,"Исправить узел сварки ВДГ"
23268,1454,UPDATED,"Внести изменения по леерному ограждению на верхней палубе бака ."
23430,1455,UPDATED,"Назначение ребер жесткости"
23479,1457,UPDATED,"Труба попадает на жёсткость."
23464,1458,UPDATED,"Внести изменения в координаты чертежа ."
23477,1459,UPDATED,"Трассировка трубопроводов и приварное насыщение"
23515,1460,UPDATED,"Узел заземления брашпиля"
23323,1462,UPDATED,"Обеспечение доступа в кабельные шахты"
23447,1463,UPDATED,"Замечания РС по документации_Расположение и установка основного электрооборудования по судну"
23498,1464,UPDATED,"Люковые закрытия на нижней палубе бака и траловой палубе"
23501,1473,UPDATED,"Приварка иллюминаторов"
23492,1474,UPDATED,"Корректировка чертежа"
23010,1475,UPDATED,"Разработка сьемного листа для приточного вентилятора 574.014."
23499,1476,UPDATED,"Приварка иллюминаторов"
23301,1478,UPDATED,"Вопрос по узлу крепления и заземлению"
23514,1479,UPDATED,"Изменить узел крепления в спецификации"
23289,1480,UPDATED,"Материал для противопожарных прокладок на систему вентиляции и кондиционирования."
23100,1481,UPDATED,"Внести изменение в чертеж ."
23075,1482,UPDATED,"Внести измение в чертеж."
23561,1483,UPDATED,"Заземление пультов компрессоров 200101-263-731.1"
23576,1486,UPDATED,"Система водяного пожаротушения (ч. 200100-813-001)"
23600,1487,UPDATED,"Корректировка чертежа."
23589,1488,UPDATED,"Проблема с монтажом вент. трубы поз. 007"
23709,1489,UPDATED,"Тип помещения"
23723,1492,UPDATED,"Уточнение мест номера ИМО"
23724,1493,UPDATED,"Нумерация деталей. Не полная спецификация"
23794,1496,UPDATED,"Вопросы по спецификации 200101-821-003СП"
23599,1498,UPDATED,"Трассировка трубопроводов."
23601,1499,UPDATED,"Выпустить новую ревизию."
23602,1500,UPDATED,"Уточнить размер головины ."
23834,1501,UPDATED,"Катодная защита"
23856,1504,UPDATED,"Ошибка версии в рамке"
23858,1505,UPDATED,"Уточнение установки деталей"
23857,1506,UPDATED,"Количество деталей"
23854,1507,UPDATED,"Корректировка чертежа"
23855,1508,UPDATED,"Уточнение тех. требований"
23866,1510,UPDATED,"Замечание РС"
23865,1511,UPDATED,"Насос осушения не помещается в колодец"
23859,1515,UPDATED,"Корректировка чертежа"
23951,1516,UPDATED,"Дороботка чертежа вертикальных трапов в цистернах."
23965,1525,UPDATED,"Замена трубопровода."
23974,1527,UPDATED,"Неуказанные размеры"
23981,1528,UPDATED,"Разворот аксов стола операторской станции"
23984,1529,UPDATED,"Новая ревизия"
24024,1533,UPDATED,"Замена арматуры."
